{"info":{"_postman_id":"6e429f20-4340-41cb-bcb9-709ed2e34355","name":"postman-course1","description":"Postman Course","schema":"https://schema.getpostman.com/json/collection/v2.1.0/collection.json"},"item":[{"name":"home page","event":[{"listen":"test","script":{"id":"4ae91e03-078c-4ec0-b3c5-7f7862f96e71","exec":["\r","\r","pm.test(\"home page status check\", function () {\r","    pm.response.to.have.status(200);\r","});\r","\r","pm.test(\"welcome message test\", function () {\r","    const responseJson = pm.response.json();\r","});"],"type":"text/javascript"}},{"listen":"prerequest","script":{"id":"945bb512-6be8-4de0-9dbd-e123e3c09b1f","exec":[""],"type":"text/javascript"}}],"id":"0d97a8ec-d303-4f60-b5e7-577fac92b9cf","protocolProfileBehavior":{"disableBodyPruning":true},"request":{"method":"GET","header":[{"key":"API-Key","value":"2.0","type":"text"},{"key":"sortBy","value":"value","type":"text"}],"url":{"raw":"{{BASE_URL}}","host":["{{BASE_URL}}"]}},"response":[]},{"name":"status check","event":[{"listen":"test","script":{"id":"d80c24bc-e9c6-490f-8415-f608e4f4e058","exec":["pm.test(\"Status code is 200\", function () {\r","    pm.response.to.have.status(200);\r","});\r","pm.test(\"Response Contains Status as UP\", function () {\r","    pm.expect(pm.response.text()).to.include(\"UP\");\r","});\r","\r","pm.test(\"Response Body status is UP\",() => {\r"," const responsejson = pm.response.json();\r"," pm.expect(responsejson.status).eq(\"UP\")\r","});\r",""],"type":"text/javascript"}}],"id":"8654955f-f690-4dd6-a244-b220cd0c6a36","protocolProfileBehavior":{"disableBodyPruning":true},"request":{"method":"GET","header":[],"url":{"raw":"{{BASE_URL}}/status","host":["{{BASE_URL}}"],"path":["status"]}},"response":[]},{"name":"Get All Tools","event":[{"listen":"test","script":{"id":"78636ddc-17db-4f79-9bb8-a3e6a680715b","exec":["var responseJson = pm.response.json();\r","const firstInStockTool = responseJson.filter(tool => tool.inStock == true);\r","pm.globals.set(\"SAMPLE_TOOL_ID\",firstInStockTool[0].id);"],"type":"text/javascript"}}],"id":"7fb06e4c-b261-4f26-a256-4fdb712c822d","protocolProfileBehavior":{"disableBodyPruning":true},"request":{"method":"GET","header":[],"url":{"raw":"{{BASE_URL}}/tools","host":["{{BASE_URL}}"],"path":["tools"]}},"response":[]},{"name":"Tool by category","id":"90358230-1823-41e9-b834-50464b005ded","protocolProfileBehavior":{"disableBodyPruning":true},"request":{"method":"GET","header":[],"url":{"raw":"{{BASE_URL}}/tools?category=trailers&results=2","host":["{{BASE_URL}}"],"path":["tools"],"query":[{"key":"category","value":"trailers"},{"key":"inStock","value":"false","type":"text","disabled":true},{"key":"results","value":"2"}]}},"response":[]},{"name":"Tool By ID","event":[{"listen":"test","script":{"id":"2855c47f-5d31-4af5-a85d-c33fda42d322","exec":["pm.test(\"validate tool id and details\", () =>{\r","    const responseJson = pm.response.json();\r","\r","    pm.expect(responseJson.id).eq(pm.globals.get(\"SAMPLE_TOOL_ID\"));\r","});"],"type":"text/javascript"}}],"id":"190fa7b6-8222-40bc-80ff-65ca6c6f70d6","protocolProfileBehavior":{"disableBodyPruning":true},"request":{"method":"GET","header":[{"key":"API-Key","value":"2.0","type":"text"},{"key":"sortBy","value":"value","type":"text"}],"url":{"raw":"{{BASE_URL}}/tools/:toolid","host":["{{BASE_URL}}"],"path":["tools",":toolid"],"variable":[{"key":"toolid","value":"{{SAMPLE_TOOL_ID}}"}]}},"response":[]},{"name":"Path and Query Param Together","event":[{"listen":"test","script":{"id":"4e0e66be-3538-4386-9cc7-e5ce39fa193f","exec":["\r","//skip register client manually\r","//could have done the same in collecton runner using deselct checkbox\r","postman.setNextRequest(\"Create Order\");"],"type":"text/javascript"}}],"id":"16970f5f-9d17-47c1-981c-49fcdedb6949","protocolProfileBehavior":{"disableBodyPruning":true},"request":{"method":"GET","header":[],"url":{"raw":"{{BASE_URL}}/tools/:toolid?user-manual=true","host":["{{BASE_URL}}"],"path":["tools",":toolid"],"query":[{"key":"user-manual","value":"true"}],"variable":[{"key":"toolid","value":"2177"}]}},"response":[]},{"name":"Register Client","event":[{"listen":"test","script":{"id":"817eebfe-b16e-4e77-a2f1-511c42d70221","exec":["const responseJson = pm.response.json();\r","\r","pm.collectionVariables.set(\"ACCESS_TOKEN\",responseJson.accessToken)"],"type":"text/javascript"}}],"id":"7fcfc908-926b-43d6-9126-5c8622cc5089","protocolProfileBehavior":{"disableBodyPruning":true},"request":{"method":"POST","header":[],"body":{"mode":"raw","raw":"{\r\n   \"clientName\": \"kbhatt99\",\r\n   \"clientEmail\": \"kbhatt24_{{$randomFirstName}}@example.com\"\r\n}","options":{"raw":{"language":"json"}}},"url":{"raw":"{{BASE_URL}}/api-clients","host":["{{BASE_URL}}"],"path":["api-clients"]}},"response":[]},{"name":"Create Order","event":[{"listen":"test","script":{"id":"310c8dcc-84da-47c5-a200-f8723d04f854","exec":["const responseJson = pm.response.json();\r","\r","pm.globals.set(\"SAMPLE_ORDER_ID\",responseJson.orderId)"],"type":"text/javascript"}}],"id":"e0b6473c-b224-46b5-a17a-211be5a63962","protocolProfileBehavior":{"disableBodyPruning":true},"request":{"method":"POST","header":[{"key":"Authorization","value":"Bearer {{ACCESS_TOKEN}}","type":"text"}],"body":{"mode":"raw","raw":"{\r\n    \"toolId\": 1709,\r\n    \"customerName\": \"{{$randomFullName}}\"\r\n}","options":{"raw":{"language":"json"}}},"url":{"raw":"{{BASE_URL}}/orders","host":["{{BASE_URL}}"],"path":["orders"]}},"response":[]},{"name":"Get All Orders","id":"1646def6-fd1a-4008-a8ea-4309e4ae3525","protocolProfileBehavior":{"disableBodyPruning":true},"request":{"method":"GET","header":[{"key":"Authorization","value":"Bearer {{ACCESS_TOKEN}}","type":"text"}],"body":{"mode":"raw","raw":"{\r\n    \"toolId\": 1709,\r\n    \"customerName\": \"{{$randomFullName}}\"\r\n}","options":{"raw":{"language":"json"}}},"url":{"raw":"{{BASE_URL}}/orders","host":["{{BASE_URL}}"],"path":["orders"]}},"response":[]},{"name":"Get Order By ID","event":[{"listen":"test","script":{"id":"2dc6909f-ccfe-49f5-bd7b-a2ad3030a7b2","exec":["console.log(\"fetching details for orderid: \"+pm.globals.get(\"SAMPLE_ORDER_ID\"));"],"type":"text/javascript"}}],"id":"37bae4e9-f65d-457a-99fa-dca68eb27a4c","protocolProfileBehavior":{"disableBodyPruning":true},"request":{"method":"GET","header":[{"key":"Authorization","value":"Bearer {{ACCESS_TOKEN}}","type":"text"}],"body":{"mode":"raw","raw":"{\r\n    \"toolId\": 2177,\r\n    \"customerName\": \"kbhatt23\"\r\n}","options":{"raw":{"language":"json"}}},"url":{"raw":"{{BASE_URL}}/orders/:orderID","host":["{{BASE_URL}}"],"path":["orders",":orderID"],"variable":[{"key":"orderID","value":"{{SAMPLE_ORDER_ID}}"}]}},"response":[]},{"name":"Update Order","id":"e6700ed2-bd26-4dc8-9d6a-e67dd8c61e3d","protocolProfileBehavior":{"disableBodyPruning":true},"request":{"auth":{"type":"bearer","bearer":[{"key":"token","value":"{{ACCESS_TOKEN}}","type":"string"}]},"method":"PATCH","header":[],"body":{"mode":"raw","raw":"{\r\n    \"id\": \"{{SAMPLE_ORDER_ID}}\",\r\n    \"customerName\": \"kbhatt2a3false\"\r\n}","options":{"raw":{"language":"json"}}},"url":{"raw":"{{BASE_URL}}/orders/:orderID","host":["{{BASE_URL}}"],"path":["orders",":orderID"],"variable":[{"key":"orderID","value":"{{SAMPLE_ORDER_ID}}"}]}},"response":[]},{"name":"Delete Order","id":"8805a4b4-18e2-44d5-afaa-20a95b06e077","protocolProfileBehavior":{"disableBodyPruning":true},"request":{"method":"DELETE","header":[{"key":"Authorization","value":"Bearer {{ACCESS_TOKEN}}","type":"text"}],"body":{"mode":"raw","raw":"{\r\n    \"toolId\": 2177,\r\n    \"customerName\": \"kbhatt23\"\r\n}","options":{"raw":{"language":"json"}}},"url":{"raw":"{{BASE_URL}}/orders/:orderID","host":["{{BASE_URL}}"],"path":["orders",":orderID"],"variable":[{"key":"orderID","value":"{{SAMPLE_ORDER_ID}}"}]}},"response":[]}],"event":[{"listen":"prerequest","script":{"id":"4f952785-64a6-4019-bf4e-0d4223524949","type":"text/javascript","exec":["console.log(\"url used: \"+pm.environment.get(\"url\"));"]}},{"listen":"test","script":{"id":"23703577-e3a1-4bd8-95fc-9fb85534b896","type":"text/javascript","exec":["console.log(\"field used: \"+pm.environment.get(\"field\"));"]}}],"variable":[{"id":"a1fe2275-eec0-4bdc-b58a-0b26d1f1afc8","key":"BASE_URL","value":"https://simple-tool-rental-api.glitch.me"},{"id":"f9dd7afc-9335-4176-9101-79c108f08f7e","key":"ACCESS_TOKEN","value":"Insert your private access token"}]}