{"info":{"_postman_id":"72043e92-72cc-4a13-9be4-dc6f3d41276a","name":"starwars-entities","schema":"https://schema.getpostman.com/json/collection/v2.1.0/collection.json"},"item":[{"name":"fetch entities","id":"19e7c4fa-841f-4366-a095-3384fe08f95d","protocolProfileBehavior":{"disableBodyPruning":true},"request":{"method":"GET","header":[{"key":"Authorization","value":"Bearer eyJhbGciOiJIUzI1NiIsInR5cCI6IkpXVCJ9.eyJzY29wZSI6WyJyZWFkIiwid3JpdGUiXSwiZXhwIjoxNjY4MTQ3MzQ0LCJqdGkiOiI5NDBiNDNkYS0zMTg4LTRlZmYtYmU4ZC1kNzI3MWY4MjVkOTciLCJjbGllbnRfaWQiOiJrcmlzaG5hLWNsaWVudCJ9.h-D3N5xMiUVsDny-7yXO4UR3nuAv2Uxt-MLsS1TgDcY","type":"text"}],"url":{"raw":"http://localhost:8080/v1/entities?name=kanishk&type=RESIDENT","protocol":"http","host":["localhost"],"port":"8080","path":["v1","entities"],"query":[{"key":"name","value":"kanishk"},{"key":"type","value":"RESIDENT"}]}},"response":[]},{"name":"fetch auth token","id":"1d32933f-e931-493a-8550-2575035adc3e","protocolProfileBehavior":{"disableBodyPruning":true},"request":{"auth":{"type":"basic","basic":[{"key":"password","value":"krishna-secret","type":"string"},{"key":"username","value":"krishna-client","type":"string"}]},"method":"POST","header":[],"body":{"mode":"urlencoded","urlencoded":[{"key":"grant_type","value":"client_credentials","type":"text"}]},"url":{"raw":"localhost:7002/oauth/token","host":["localhost"],"port":"7002","path":["oauth","token"]}},"response":[]}]}