{"info":{"_postman_id":"b3a54a00-0b1f-4f7f-9687-4fdfa8fb412d","name":"DDD-SAGA-Couurse","schema":"https://schema.getpostman.com/json/collection/v2.1.0/collection.json"},"item":[{"name":"Debezium","item":[{"name":"Debezium Root","id":"22f57c62-acde-4b08-ab93-34235dee3085","protocolProfileBehavior":{"disableBodyPruning":true},"request":{"method":"GET","header":[],"url":{"raw":"http://localhost:8083/","protocol":"http","host":["localhost"],"port":"8083","path":[""]}},"response":[]},{"name":"List Connectors","id":"4028bd96-1d5b-4f39-a7cc-ce167e7abb2d","protocolProfileBehavior":{"disableBodyPruning":true},"request":{"method":"GET","header":[],"url":{"raw":"http://localhost:8083/connectors","protocol":"http","host":["localhost"],"port":"8083","path":["connectors"]}},"response":[]}],"id":"c8e496b6-21e2-4b1e-8206-68f28e901e3b"},{"name":"Create Order Failure Product Out Of Stock","id":"3f139716-4903-4f1a-a32e-e3242726e9e4","protocolProfileBehavior":{"disableBodyPruning":true},"request":{"method":"POST","header":[],"body":{"mode":"raw","raw":"{\r\n  \"customerId\": \"701366ea-9eee-4406-be75-dab214b576e7\",\r\n  \"restrauntId\": \"d215b5f8-0249-4dc5-89a3-51fd148cfb45\",\r\n  \"orderAddress\": {\r\n    \"street\": \"street_1\",\r\n    \"postalCode\": \"1000AB\",\r\n    \"city\": \"Amsterdam\"\r\n  },\r\n  \"price\": 25.00,\r\n  \"orderItems\": [\r\n    {\r\n      \"productId\": \"d215b5f8-0249-4dc5-89a3-51fd148cfb47\",\r\n      \"quantity\": 1,\r\n      \"unitPrice\": 25.00,\r\n      \"totalPrice\": 25.00\r\n    }\r\n  ]\r\n}","options":{"raw":{"language":"json"}}},"url":{"raw":"http://localhost:8181/orders","protocol":"http","host":["localhost"],"port":"8181","path":["orders"]}},"response":[]},{"name":"Create Order Success","id":"771ed2f7-a248-48bb-9a4a-45b5d58200c4","protocolProfileBehavior":{"disableBodyPruning":true},"request":{"method":"POST","header":[],"body":{"mode":"raw","raw":"{\r\n  \"customerId\": \"515ff14e-e252-4653-940f-9d9d868654e0\",\r\n  \"restrauntId\": \"d215b5f8-0249-4dc5-89a3-51fd148cfb45\",\r\n  \"orderAddress\": {\r\n    \"street\": \"street_1\",\r\n    \"postalCode\": \"1000AB\",\r\n    \"city\": \"Amsterdam\"\r\n  },\r\n  \"price\": 1.00,\r\n  \"orderItems\": [\r\n    {\r\n      \"productId\": \"d215b5f8-0249-4dc5-89a3-51fd148cfb48\",\r\n      \"quantity\": 1,\r\n      \"unitPrice\": 1.00,\r\n      \"totalPrice\": 1.00\r\n    }\r\n  ]\r\n}","options":{"raw":{"language":"json"}}},"url":{"raw":"http://localhost:8181/orders","protocol":"http","host":["localhost"],"port":"8181","path":["orders"]}},"response":[]},{"name":"Create Order Failure Low Credit","id":"6cf5d486-3bee-4e1a-8ebe-28475a8bab66","protocolProfileBehavior":{"disableBodyPruning":true},"request":{"method":"POST","header":[],"body":{"mode":"raw","raw":"{\r\n  \"customerId\": \"701366ea-9eee-4406-be75-dab214b576e7\",\r\n  \"restrauntId\": \"d215b5f8-0249-4dc5-89a3-51fd148cfb45\",\r\n  \"orderAddress\": {\r\n    \"street\": \"street_1\",\r\n    \"postalCode\": \"1000AB\",\r\n    \"city\": \"Amsterdam\"\r\n  },\r\n  \"price\": 5000.00,\r\n  \"orderItems\": [\r\n    {\r\n      \"productId\": \"d215b5f8-0249-4dc5-89a3-51fd148cfb48\",\r\n      \"quantity\": 100,\r\n      \"unitPrice\": 50.00,\r\n      \"totalPrice\": 5000.00\r\n    }\r\n  ]\r\n}","options":{"raw":{"language":"json"}}},"url":{"raw":"http://localhost:8181/orders","protocol":"http","host":["localhost"],"port":"8181","path":["orders"]}},"response":[]},{"name":"Get Order Status","id":"b96a9703-e493-4977-bf45-9d8f7d976a7f","protocolProfileBehavior":{"disableBodyPruning":true},"request":{"method":"GET","header":[],"url":{"raw":"http://localhost:8181/orders/4e49b4e6-014a-48ce-ac73-0dae1dedf06f","protocol":"http","host":["localhost"],"port":"8181","path":["orders","4e49b4e6-014a-48ce-ac73-0dae1dedf06f"]}},"response":[]},{"name":"Create Customer","id":"f0c7f0eb-f214-470a-8f28-78032edb2552","protocolProfileBehavior":{"disableBodyPruning":true},"request":{"method":"POST","header":[],"body":{"mode":"raw","raw":"{\r\n    \"username\": \"kbhatt23\",\r\n    \"firstName\" : \"kanishk\",\r\n    \"lastName\" : \"bhatt\"\r\n\r\n\r\n}","options":{"raw":{"language":"json"}}},"url":{"raw":"localhost:8184/customers","host":["localhost"],"port":"8184","path":["customers"]}},"response":[]}]}