{"info":{"_postman_id":"ba2b9339-8121-4cad-b47b-0276992211f9","name":"scratchpad-collection","schema":"https://schema.getpostman.com/json/collection/v2.1.0/collection.json"},"item":[{"name":"postman-echo","id":"fc42cbe0-7873-41d8-87cd-71e34de549c9","protocolProfileBehavior":{"disableBodyPruning":true},"request":{"method":"GET","header":[],"url":{"raw":"http://postman-echo.com/get","protocol":"http","host":["postman-echo","com"],"path":["get"]}},"response":[{"id":"e04d8348-eac5-44ae-9bde-6121e432218c","name":"postman-echo","originalRequest":{"method":"GET","header":[],"url":{"raw":"http://postman-echo.com/get","protocol":"http","host":["postman-echo","com"],"path":["get"]}},"_postman_previewlanguage":"","header":[],"cookie":[],"responseTime":null,"body":""}]}]}