{"info":{"_postman_id":"c4a5f210-1a21-4f79-aec9-fad41955934a","name":"Axon Bank Account","schema":"https://schema.getpostman.com/json/collection/v2.1.0/collection.json"},"item":[{"name":"create account","id":"b98ecebd-7a28-4717-b56f-ed2b9585c25e","protocolProfileBehavior":{"disableBodyPruning":true},"request":{"method":"POST","header":[],"body":{"mode":"raw","raw":"{\r\n\"firstName\" : \"kanishk\",\r\n\"lastName\" : \"bhatt\",\r\n\"address\" : \"majestic apartment dwarka delhi\",\r\n\"initialAmount\" : 11\r\n\r\n}","options":{"raw":{"language":"json"}}},"url":{"raw":"localhost:3000/command/bank","host":["localhost"],"port":"3000","path":["command","bank"]}},"response":[]},{"name":"update name","id":"dfce4ca0-823a-4de9-a47f-55b7acaca116","protocolProfileBehavior":{"disableBodyPruning":true},"request":{"method":"PUT","header":[],"body":{"mode":"raw","raw":"{\r\n\"id\" : \"user-1\",\r\n\"firstName\" : \"kanishk\",\r\n\"lastName\" : \"bhatt\"\r\n\r\n}","options":{"raw":{"language":"json"}}},"url":{"raw":"localhost:3000/command/bank/name","host":["localhost"],"port":"3000","path":["command","bank","name"]}},"response":[]},{"name":"update address","id":"f01f52e8-0edc-4b78-99d7-137d8da861a4","protocolProfileBehavior":{"disableBodyPruning":true},"request":{"method":"PUT","header":[],"body":{"mode":"raw","raw":"{\r\n\"id\" : \"user-1\",\r\n\"address\" : \"majestic apartment dwarka delhi\"\r\n\r\n}","options":{"raw":{"language":"json"}}},"url":{"raw":"localhost:3000/command/bank/address","host":["localhost"],"port":"3000","path":["command","bank","address"]}},"response":[]},{"name":"deposit","id":"0526d5a4-4a5c-4efb-8e65-5a2333c0371e","protocolProfileBehavior":{"disableBodyPruning":true},"request":{"method":"PUT","header":[],"body":{"mode":"raw","raw":"{\r\n\"id\" : \"user-1\",\r\n\"amount\": 1000\r\n}","options":{"raw":{"language":"json"}}},"url":{"raw":"localhost:3000/command/bank/deposit","host":["localhost"],"port":"3000","path":["command","bank","deposit"]}},"response":[]},{"name":"withdraw","id":"559b156b-dc23-4bbb-88e1-ac470b120b63","protocolProfileBehavior":{"disableBodyPruning":true},"request":{"method":"PUT","header":[],"body":{"mode":"raw","raw":"{\r\n\"id\" : \"user-1\",\r\n\"amount\": 1000\r\n}","options":{"raw":{"language":"json"}}},"url":{"raw":"localhost:3000/command/bank/withdraw","host":["localhost"],"port":"3000","path":["command","bank","withdraw"]}},"response":[]}]}